treatment,PFAS,group,rabbitID,timemod,time,kidney,liver,muscle,units,dietconcentration,dietunits,bodyweight,liverweight,kidneyweight,muscleweight,musclefraction
treat,PFOA,1,RF24,1,1,1.527700641,0.748735516,1.648689877,ug/kg,55,ug/kg,1.822,0.034,0.01,0.003,0.3
treat,PFOA,1,RM14,1,1,2.443778113,0.402183505,0.625063409,ug/kg,55,ug/kg,1.838,0.035,0.013,0.006,0.3
treat,PFOA,2,RF44,1,1,2.19,1.27,1.31,ug/kg,17.41,ug/kg,1.95,0.04,0.012,0.017,0.3
treat,PFOA,2,RM34,1,1,31.83,2.43,1.32,ug/kg,17.41,ug/kg,1.71,0.041,0.011,0.013,0.3
treat,PFOA,3,RM54,1,1,7.98,0.5,0,ug/kg,11.46,ug/kg,1.571,0.04,0.009,0.016,0.3
treat,PFOA,3,RF64,1,1,2.16,0.3,0,ug/kg,11.46,ug/kg,1.749,0.038,0.009,0.018,0.3
treat,PFOA,1,RM9,7,7,164.5504926,15.00125509,0.273848328,ug/kg,55,ug/kg,1.8,0.029,0.01,0.009,0.3
treat,PFOA,1,RF20,7,7,175.309061,20.00102961,1.124063707,ug/kg,55,ug/kg,2.01,0.026,0.009,0.007,0.3
treat,PFOA,2,RM28,7,7,119.15,8.92,0.44,ug/kg,17.41,ug/kg,1.789,0.038,0.011,0.01,0.3
treat,PFOA,2,RF38,7,7,159.58,7.33,0.58,ug/kg,17.41,ug/kg,1.791,0.04,0.011,0.012,0.3
treat,PFOA,3,RM52,7,7,58.83,3.4,0,ug/kg,11.46,ug/kg,1.845,0.041,0.013,0.02,0.3
treat,PFOA,3,RF62,7,7,77.38,6.89,0,ug/kg,11.46,ug/kg,1.777,0.045,0.012,0.021,0.3
treat,PFOA,1,RM8,14,14,323.65,12.29,1.1,ug/kg,50,ug/kg,1.638,0.03,0.011,0.006,0.3
treat,PFOA,1,RF23,14,14,227.33,15.61,1.14,ug/kg,50,ug/kg,1.751,0.028,0.011,0.009,0.3
treat,PFOA,2,RM32,14,14,44.83,3.31,0.66,ug/kg,25.79,ug/kg,1.72,0.035,0.01,0.01,0.3
treat,PFOA,2,RF43,14,14,144.96,12.22,0.8,ug/kg,25.79,ug/kg,1.97,0.028,0.011,0.014,0.3
treat,PFOA,3,RM47,14,14,68.51,3.57,0,ug/kg,8.89,ug/kg,1.841,0.036,0.011,0.024,0.3
treat,PFOA,3,RF58,14,14,56.6,1.96,0,ug/kg,8.89,ug/kg,1.712,0.035,0.01,0.022,0.3
treat,PFOA,1,RM13,28,28,354.5630704,7.838109736,1.66,ug/kg,95,ug/kg,1.739,0.041,0.012,0.007,0.3
treat,PFOA,1,RF18,28,28,71.39,16.52974453,1.223944358,ug/kg,95,ug/kg,1.924,0.03,0.011,0.003,0.3
treat,PFOA,2,RM30,28,28,176.68,5.33,0.31,ug/kg,114.75,ug/kg,1.741,0.041,0.01,0.011,0.3
treat,PFOA,2,RF40,28,28,136.37,2.74,0,ug/kg,114.75,ug/kg,1.78,0.032,0.013,0.019,0.3
treat,PFOA,3,RM51,28,28,77.6,4.75,0,ug/kg,10.89,ug/kg,1.663,0.035,0.012,0.021,0.3
treat,PFOA,3,RF59,28,28,128.07,5.45,0,ug/kg,10.89,ug/kg,1.619,0.033,0.01,0.02,0.3
treat,PFOA,1,RM12,29,29,82.19,2.89,1.63,ug/kg,0,ug/kg,1.637,0.041,0.012,0.013,0.3
treat,PFOA,2,RM33,29,29,94.84,4.58,0.65,ug/kg,1.34,ug/kg,1.698,0.036,0.011,0.011,0.3
treat,PFOA,2,RF41,29,29,119.17,1.43,0.77,ug/kg,1.34,ug/kg,1.863,0.045,0.01,0.017,0.3
treat,PFOA,3,RM49,29,29,74.58,2.31,0,ug/kg,0.36,ug/kg,1.513,0.034,0.009,0.017,0.3
treat,PFOA,3,RF57,29,29,72.02,2.04,0,ug/kg,0.36,ug/kg,1.637,0.041,0.01,0.018,0.3
treat,PFOA,1,RM10,35,35,2.356156027,0.266481969,0.309938716,ug/kg,0,ug/kg,1.809,0.041,0.011,0.011,0.3
treat,PFOA,1,RF17,35,35,30.47,1.13,0.55,ug/kg,0,ug/kg,1.832,0.034,0.01,0.011,0.3
treat,PFOA,2,RM31,35,35,4.95,0.76,0.45,ug/kg,1.34,ug/kg,1.627,0.025,0.011,0.017,0.3
treat,PFOA,2,RF42,35,35,1.95,0.45,0.74,ug/kg,1.34,ug/kg,1.736,0.026,0.01,0.016,0.3
treat,PFOA,3,RM50,35,35,5.34,0.17,0,ug/kg,0.36,ug/kg,1.572,0.029,0.01,0.017,0.3
treat,PFOA,3,RF60,35,35,0.59,0,0,ug/kg,0.36,ug/kg,1.732,0.033,0.013,0.019,0.3
treat,PFOA,1,RM7,42,42,1.57,0,0,ug/kg,1.93,ug/kg,1.719,0.037,0.013,0.013,0.3
treat,PFOA,1,RF19,42,42,10.92,0,0,ug/kg,1.93,ug/kg,1.743,0.028,0.012,0.012,0.3
treat,PFOA,2,RM27,42,42,6.57,2.6,1.99,ug/kg,2.25,ug/kg,1.644,0.036,0.011,0.015,0.3
treat,PFOA,2,RF37,42,42,2.1,1.92,0.81,ug/kg,2.25,ug/kg,1.717,0.032,0.01,0.016,0.3
treat,PFOA,3,RM53,42,42,0.51,0,0,ug/kg,0.32,ug/kg,1.741,0.036,0.01,0.021,0.3
treat,PFOA,3,RF63,42,42,0.99,0,0,ug/kg,0.32,ug/kg,1.724,0.041,0.01,0.02,0.3
treat,PFOA,1,RF21,56,56,5.03144737,0,0,ug/kg,0.06,ug/kg,1.751,0.035,0.013,0.009,0.3
treat,PFOA,1,RM11,56,56,1.25,0,0,ug/kg,0.06,ug/kg,1.735,0.033,0.008,0.012,0.3
treat,PFOA,2,RF39,56,56,1.9,1.01,1.02,ug/kg,1.66,ug/kg,1.826,0.033,0.01,0.021,0.3
treat,PFOA,2,RM29,56,56,4.04,0.93,2.51,ug/kg,1.66,ug/kg,1.701,0.034,0.011,0.018,0.3
treat,PFOA,3,RM48,56,56,0.26,0,0,ug/kg,0.21,ug/kg,1.812,0.038,0.011,0.019,0.3
treat,PFOA,3,RF61,56,56,0.2,0,0,ug/kg,0.21,ug/kg,1.712,0.045,0.012,0.022,0.3
treat,PFOA,1,RM5,0,0,0.184800477,0.716843076,0.705227183,ug/kg,0,ug/kg,1.783,0.052,0.012,0.013,0.3
treat,PFOA,1,RF15,0,0,0.570124462,0.424186747,0,ug/kg,0,ug/kg,2.223,0.058,0.013,0.013,0.3
Control,PFOA,1,RM6,0,28,2.871635577,0.588547252,0.979885016,ug/kg,0,ug/kg,1.737,0.033,0.011,0.013,0.3
Control,PFOA,1,RF16,0,28,2.445193583,0.261052025,0.236158612,ug/kg,0,ug/kg,1.758,0.026,0.01,0.013,0.3
treat,PFOA,2,RM25,0,0,0.46,0.71,0.49,ug/kg,0,ug/kg,1.96,0.036,0.013,0.011,0.3
treat,PFOA,2,RF35,0,0,0.49,0.32,0.55,ug/kg,0,ug/kg,1.98,0.062,0.011,0.01,0.3
Control,PFOA,2,RM26,0,28,4.3,1.39,1.19,ug/kg,0,ug/kg,1.792,0.033,0.01,0.011,0.3
Control,PFOA,2,RF36,0,28,5.23,1.2,1.52,ug/kg,0,ug/kg,1.732,0.032,0.008,0.011,0.3
treat,PFOA,3,RM 45,0,0,0,0,0,ug/kg,0,ug/kg,1.724,0.037,0.012,0.019,0.3
treat,PFOA,3,RM55,0,0,0,0,0,ug/kg,0,ug/kg,1.727,0.039,0.011,0.019,0.3
Control,PFOA,3,RM46,0,28,1.03,0,0,ug/kg,0,ug/kg,1.678,0.036,0.009,0.02,0.3
Control,PFOA,3,RM56,0,28,0.96,1.19,0,ug/kg,0,ug/kg,1.864,0.042,0.011,0.021,0.3
treat,PFBA,1,RF24,1,1,0,0,0,ug/kg,883,ug/kg,1.822,0.034,0.01,0.003,0.3
treat,PFBA,1,RM14,1,1,5.79,16.82,2.42,ug/kg,883,ug/kg,1.838,0.035,0.013,0.006,0.3
treat,PFBA,2,RF44,1,1,128.2,6.31,0,ug/kg,357.92,ug/kg,1.95,0.04,0.012,0.017,0.3
treat,PFBA,2,RM34,1,1,75.77,42.54,9.78,ug/kg,357.92,ug/kg,1.71,0.041,0.011,0.013,0.3
treat,PFBA,3,RM54,1,1,12.61,5.26,0.94,ug/kg,142.69,ug/kg,1.571,0.04,0.009,0.016,0.3
treat,PFBA,3,RF64,1,1,1.75,0,0,ug/kg,142.69,ug/kg,1.749,0.038,0.009,0.018,0.3
treat,PFBA,1,RM9,7,7,39.47,17.76,2.37,ug/kg,883,ug/kg,1.8,0.029,0.01,0.009,0.3
treat,PFBA,1,RF20,7,7,45.67,14.18,3.69,ug/kg,883,ug/kg,2.01,0.026,0.009,0.007,0.3
treat,PFBA,2,RM28,7,7,78.86,58.4,13.88,ug/kg,357.92,ug/kg,1.789,0.038,0.011,0.01,0.3
treat,PFBA,2,RF38,7,7,72.21,53.68,10.6,ug/kg,357.92,ug/kg,1.791,0.04,0.011,0.012,0.3
treat,PFBA,3,RM52,7,7,54.83,25.65,2.71,ug/kg,142.69,ug/kg,1.845,0.041,0.013,0.02,0.3
treat,PFBA,3,RF62,7,7,24.23,9.9,1.41,ug/kg,142.69,ug/kg,1.777,0.045,0.012,0.021,0.3
treat,PFBA,1,RM8,14,14,35.84,6.76,0.6,ug/kg,1109,ug/kg,1.638,0.03,0.011,0.006,0.3
treat,PFBA,1,RF23,14,14,42.77,13.51,4.14,ug/kg,1109,ug/kg,1.751,0.028,0.011,0.009,0.3
treat,PFBA,2,RM32,14,14,11.89,5.3,3.67,ug/kg,402.12,ug/kg,1.72,0.035,0.01,0.01,0.3
treat,PFBA,2,RF43,14,14,24.06,4.9,2.17,ug/kg,402.12,ug/kg,1.97,0.028,0.011,0.014,0.3
treat,PFBA,3,RM47,14,14,5.1,0,0,ug/kg,215.69,ug/kg,1.841,0.036,0.011,0.024,0.3
treat,PFBA,3,RF58,14,14,19.21,5.88,0.74,ug/kg,215.69,ug/kg,1.712,0.035,0.01,0.022,0.3
treat,PFBA,1,RM13,28,28,47.05,5.65,0.35,ug/kg,678,ug/kg,1.739,0.041,0.012,0.007,0.3
treat,PFBA,1,RF18,28,28,3.08,8.94,0.49,ug/kg,678,ug/kg,1.924,0.03,0.011,0.003,0.3
treat,PFBA,2,RM30,28,28,4.17,4.2,3.57,ug/kg,291.45,ug/kg,1.741,0.041,0.01,0.011,0.3
treat,PFBA,2,RF40,28,28,14.42,3.03,4,ug/kg,291.45,ug/kg,1.78,0.032,0.013,0.019,0.3
treat,PFBA,3,RM51,28,28,6.11,2.23,0,ug/kg,141.04,ug/kg,1.663,0.035,0.012,0.021,0.3
treat,PFBA,3,RF59,28,28,15.17,4.55,0.6,ug/kg,141.04,ug/kg,1.619,0.033,0.01,0.02,0.3
treat,PFBA,1,RM12,29,29,10.1,7.86,4.59,ug/kg,6.19,ug/kg,1.637,0.041,0.012,0.013,0.3
treat,PFBA,2,RM33,29,29,6.71,2.48,3.07,ug/kg,13.02,ug/kg,1.698,0.036,0.011,0.011,0.3
treat,PFBA,2,RF41,29,29,1.63,0.19,0,ug/kg,13.02,ug/kg,1.863,0.045,0.01,0.017,0.3
treat,PFBA,3,RM49,29,29,0,0,0,ug/kg,3.33,ug/kg,1.513,0.034,0.009,0.017,0.3
treat,PFBA,3,RF57,29,29,0,0,0,ug/kg,3.33,ug/kg,1.637,0.041,0.01,0.018,0.3
treat,PFBA,3,RM10,35,35,0.729269609,0.374504484,0,ug/kg,6.19,ug/kg,1.809,0.041,0.011,0.011,0.3
treat,PFBA,1,RF17,35,35,1.292652053,0,0,ug/kg,6.19,ug/kg,1.832,0.034,0.01,0.011,0.3
treat,PFBA,2,RM31,35,35,2.05,1.16,0,ug/kg,13.02,ug/kg,1.627,0.025,0.011,0.017,0.3
treat,PFBA,2,RF42,35,35,1.02,0.27,0,ug/kg,13.02,ug/kg,1.736,0.026,0.01,0.016,0.3
treat,PFBA,3,RM50,35,35,0,0,0,ug/kg,3.33,ug/kg,1.572,0.029,0.01,0.017,0.3
treat,PFBA,3,RF60,35,35,0,0,0,ug/kg,3.33,ug/kg,1.732,0.033,0.013,0.019,0.3
treat,PFBA,1,RM7,42,42,2.99,0,1.45,ug/kg,14.82,ug/kg,1.719,0.037,0.013,0.013,0.3
treat,PFBA,1,RF19,42,42,3.14,1.64,0.88,ug/kg,14.82,ug/kg,1.743,0.028,0.012,0.012,0.3
treat,PFBA,2,RM27,42,42,64.87,43.81,17.91,ug/kg,8.91,ug/kg,1.644,0.036,0.011,0.015,0.3
treat,PFBA,2,RF37,42,42,0.17,0.41,0,ug/kg,8.91,ug/kg,1.717,0.032,0.01,0.016,0.3
treat,PFBA,3,RM53,42,42,0,0,0,ug/kg,2.31,ug/kg,1.741,0.036,0.01,0.021,0.3
treat,PFBA,3,RF63,42,42,0,0,0,ug/kg,2.31,ug/kg,1.724,0.041,0.01,0.02,0.3
treat,PFBA,1,RF21,56,56,2.12,4.05,0.97,ug/kg,5,ug/kg,1.751,0.035,0.013,0.009,0.3
treat,PFBA,1,RM11,56,56,5.02,1.64,1.13,ug/kg,5,ug/kg,1.735,0.033,0.008,0.012,0.3
treat,PFBA,2,RF39,56,56,0,0,0,ug/kg,14.75,ug/kg,1.826,0.033,0.01,0.021,0.3
treat,PFBA,2,RM29,56,56,0,0.67,0,ug/kg,14.75,ug/kg,1.701,0.034,0.011,0.018,0.3
treat,PFBA,3,RM48,56,56,0,0,0,ug/kg,1.84,ug/kg,1.812,0.038,0.011,0.019,0.3
treat,PFBA,3,RF61,56,56,0,0,0,ug/kg,1.84,ug/kg,1.712,0.045,0.012,0.022,0.3
treat,PFBA,1,RM5,0,0,2.887565336,8.185379719,3.914349993,ug/kg,0,ug/kg,1.783,0.052,0.012,0.013,0.3
treat,PFBA,1,RF15,0,0,4.680908375,9.141055742,3.87561838,ug/kg,0,ug/kg,2.223,0.058,0.013,0.013,0.3
Control,PFBA,1,RM6,0,28,4.244948871,6.185323547,4.461093004,ug/kg,0,ug/kg,1.737,0.033,0.011,0.013,0.3
Control,PFBA,1,RF16,0,28,10.68398849,13.64278291,4.585957989,ug/kg,0,ug/kg,1.758,0.026,0.01,0.013,0.3
treat,PFBA,2,RM25,0,0,23.19,12.86,2.58,ug/kg,0,ug/kg,1.96,0.036,0.013,0.011,0.3
treat,PFBA,2,RF35,0,0,56.29,17.6,25.55,ug/kg,0,ug/kg,1.98,0.062,0.011,0.01,0.3
Control,PFBA,2,RM26,0,28,8.17,3.27,2.04,ug/kg,0,ug/kg,1.792,0.033,0.01,0.011,0.3
Control,PFBA,2,RF36,0,28,6.28,6.38,4.28,ug/kg,0,ug/kg,1.732,0.032,0.008,0.011,0.3
treat,PFBA,3,RM 45,0,0,0,0,0,ug/kg,0,ug/kg,1.724,0.037,0.012,0.019,0.3
treat,PFBA,3,RM55,0,0,0,0,0,ug/kg,0,ug/kg,1.727,0.039,0.011,0.019,0.3
Control,PFBA,3,RM46,0,28,0,0,0,ug/kg,0,ug/kg,1.678,0.036,0.009,0.02,0.3
Control,PFBA,3,RM56,0,28,0,0,0,ug/kg,0,ug/kg,1.864,0.042,0.011,0.021,0.3
treat,PFHpA,1,RF24,1,1,0.34,0,0,ug/kg,35,ug/kg,1.822,0.034,0.01,0.003,0.3
treat,PFHpA,1,RM14,1,1,0.36,0,0.33,ug/kg,35,ug/kg,1.838,0.035,0.013,0.006,0.3
treat,PFHpA,2,RF44,1,1,1.5,0,0,ug/kg,10.51,ug/kg,1.95,0.04,0.012,0.017,0.3
treat,PFHpA,2,RM34,1,1,2.03,0,0,ug/kg,10.51,ug/kg,1.71,0.041,0.011,0.013,0.3
treat,PFHpA,3,RM54,1,1,1.87,0.16,0,ug/kg,7.88,ug/kg,1.571,0.04,0.009,0.016,0.3
treat,PFHpA,3,RF64,1,1,0.13,0,0,ug/kg,7.88,ug/kg,1.749,0.038,0.009,0.018,0.3
treat,PFHpA,1,RM9,7,7,2.89,0.31,0,ug/kg,35,ug/kg,1.8,0.029,0.01,0.009,0.3
treat,PFHpA,1,RF20,7,7,1.71,0,0,ug/kg,35,ug/kg,2.01,0.026,0.009,0.007,0.3
treat,PFHpA,2,RM28,7,7,6.24,1.66,0,ug/kg,10.51,ug/kg,1.789,0.038,0.011,0.01,0.3
treat,PFHpA,2,RF38,7,7,7.01,1.07,0,ug/kg,10.51,ug/kg,1.791,0.04,0.011,0.012,0.3
treat,PFHpA,3,RM52,7,7,5.39,0.32,0.11,ug/kg,7.88,ug/kg,1.845,0.041,0.013,0.02,0.3
treat,PFHpA,3,RF62,7,7,3.23,0.26,0,ug/kg,7.88,ug/kg,1.777,0.045,0.012,0.021,0.3
treat,PFHpA,1,RM8,14,14,3.03,0,0,ug/kg,29,ug/kg,1.638,0.03,0.011,0.006,0.3
treat,PFHpA,1,RF23,14,14,2.19,0,0,ug/kg,29,ug/kg,1.751,0.028,0.011,0.009,0.3
treat,PFHpA,2,RM32,14,14,1.02,0,1.47,ug/kg,15.7,ug/kg,1.72,0.035,0.01,0.01,0.3
treat,PFHpA,2,RF43,14,14,1.45,0.92,1.07,ug/kg,15.7,ug/kg,1.97,0.028,0.011,0.014,0.3
treat,PFHpA,3,RM47,14,14,0.6,0,0,ug/kg,8.65,ug/kg,1.841,0.036,0.011,0.024,0.3
treat,PFHpA,3,RF58,14,14,1.58,0,0,ug/kg,8.65,ug/kg,1.712,0.035,0.01,0.022,0.3
treat,PFHpA,1,RM13,28,28,3.16,0,0,ug/kg,37,ug/kg,1.739,0.041,0.012,0.007,0.3
treat,PFHpA,1,RF18,28,28,0.55,0,0,ug/kg,37,ug/kg,1.924,0.03,0.011,0.003,0.3
treat,PFHpA,2,RM30,28,28,3.91,1.55,1.63,ug/kg,63.56,ug/kg,1.741,0.041,0.01,0.011,0.3
treat,PFHpA,2,RF40,28,28,1.94,0.4,0,ug/kg,63.56,ug/kg,1.78,0.032,0.013,0.019,0.3
treat,PFHpA,3,RM51,28,28,0.73,0,0,ug/kg,10.6,ug/kg,1.663,0.035,0.012,0.021,0.3
treat,PFHpA,3,RF59,28,28,4.43,0,0.07,ug/kg,10.6,ug/kg,1.619,0.033,0.01,0.02,0.3
treat,PFHpA,1,RM12,29,29,0.77,0,0,ug/kg,0,ug/kg,1.637,0.041,0.012,0.013,0.3
treat,PFHpA,2,RM33,29,29,0.78,0,0,ug/kg,2.5,ug/kg,1.698,0.036,0.011,0.011,0.3
treat,PFHpA,2,RF41,29,29,0.78,0.83,0,ug/kg,2.5,ug/kg,1.863,0.045,0.01,0.017,0.3
treat,PFHpA,3,RM49,29,29,0,0,0.07,ug/kg,0.06,ug/kg,1.513,0.034,0.009,0.017,0.3
treat,PFHpA,3,RF57,29,29,0,0,0,ug/kg,0.06,ug/kg,1.637,0.041,0.01,0.018,0.3
treat,PFHpA,1,RM10,35,35,0.337305733,0.354310474,0,ug/kg,0,ug/kg,1.809,0.041,0.011,0.011,0.3
treat,PFHpA,1,RF17,35,35,0.713731032,0,0,ug/kg,0,ug/kg,1.832,0.034,0.01,0.011,0.3
treat,PFHpA,2,RM31,35,35,1.26,0,0,ug/kg,2.5,ug/kg,1.627,0.025,0.011,0.017,0.3
treat,PFHpA,2,RF42,35,35,1.07,0,0,ug/kg,2.5,ug/kg,1.736,0.026,0.01,0.016,0.3
treat,PFHpA,3,RM50,35,35,0,0,0,ug/kg,0.06,ug/kg,1.572,0.029,0.01,0.017,0.3
treat,PFHpA,3,RF60,35,35,0,0,0,ug/kg,0.06,ug/kg,1.732,0.033,0.013,0.019,0.3
treat,PFHpA,1,RM7,42,42,0,0,0,ug/kg,0.8,ug/kg,1.719,0.037,0.013,0.013,0.3
treat,PFHpA,1,RF19,42,42,1.17,0,0,ug/kg,0.8,ug/kg,1.743,0.028,0.012,0.012,0.3
treat,PFHpA,2,RM27,42,42,4.14,1.87,0,ug/kg,2.46,ug/kg,1.644,0.036,0.011,0.015,0.3
treat,PFHpA,2,RF37,42,42,1.74,0,0,ug/kg,2.46,ug/kg,1.717,0.032,0.01,0.016,0.3
treat,PFHpA,3,RM53,42,42,0.09,0,0,ug/kg,0,ug/kg,1.741,0.036,0.01,0.021,0.3
treat,PFHpA,3,RF63,42,42,0.13,0,0,ug/kg,0,ug/kg,1.724,0.041,0.01,0.02,0.3
treat,PFHpA,1,RF21,56,56,0.74,0,0,ug/kg,0,ug/kg,1.751,0.035,0.013,0.009,0.3
treat,PFHpA,1,RM11,56,56,0,0,0,ug/kg,0,ug/kg,1.735,0.033,0.008,0.012,0.3
treat,PFHpA,2,RF39,56,56,1.2,0.95,0,ug/kg,1.63,ug/kg,1.826,0.033,0.01,0.021,0.3
treat,PFHpA,2,RM29,56,56,1.56,0,2.11,ug/kg,1.63,ug/kg,1.701,0.034,0.011,0.018,0.3
treat,PFHpA,3,RM48,56,56,0,0,0,ug/kg,0,ug/kg,1.812,0.038,0.011,0.019,0.3
treat,PFHpA,3,RF61,56,56,0,0,0,ug/kg,0,ug/kg,1.712,0.045,0.012,0.022,0.3
treat,PFHpA,1,RM5,0,0,0,0,0,ug/kg,0,ug/kg,1.783,0.052,0.012,0.013,0.3
treat,PFHpA,1,RF15,0,0,0,0,0,ug/kg,0,ug/kg,2.223,0.058,0.013,0.013,0.3
Control,PFHpA,1,RM6,0,28,0.228977514,0.24746256,0,ug/kg,0,ug/kg,1.737,0.033,0.011,0.013,0.3
Control,PFHpA,1,RF16,0,28,0.535182471,0,0.12373128,ug/kg,0,ug/kg,1.758,0.026,0.01,0.013,0.3
treat,PFHpA,2,RM25,0,0,0,0,0,ug/kg,0,ug/kg,1.96,0.036,0.013,0.011,0.3
treat,PFHpA,2,RF35,0,0,0,0,0,ug/kg,0,ug/kg,1.98,0.062,0.011,0.01,0.3
Control,PFHpA,2,RM26,0,28,1.38,0,1.77,ug/kg,0,ug/kg,1.792,0.033,0.01,0.011,0.3
Control,PFHpA,2,RF36,0,28,1.04,0,0,ug/kg,0,ug/kg,1.732,0.032,0.008,0.011,0.3
treat,PFHpA,3,RM 45,0,0,0,0,0,ug/kg,0,ug/kg,1.724,0.037,0.012,0.019,0.3
treat,PFHpA,3,RM55,0,0,0,0,0,ug/kg,0,ug/kg,1.727,0.039,0.011,0.019,0.3
Control,PFHpA,3,RM46,0,28,0,0,0,ug/kg,0,ug/kg,1.678,0.036,0.009,0.02,0.3
Control,PFHpA,3,RM56,0,28,0,0,0,ug/kg,0,ug/kg,1.864,0.042,0.011,0.021,0.3
treat,PFHxA,1,RF24,1,1,0,0,0.78,ug/kg,151.97,ug/kg,1.822,0.034,0.01,0.003,0.3
treat,PFHxA,1,RM14,1,1,0,0,0.53,ug/kg,151.97,ug/kg,1.838,0.035,0.013,0.006,0.3
treat,PFHxA,2,RF44,1,1,0,0,0.35,ug/kg,51.53,ug/kg,1.95,0.04,0.012,0.017,0.3
treat,PFHxA,2,RM34,1,1,0,0,0,ug/kg,51.53,ug/kg,1.71,0.041,0.011,0.013,0.3
treat,PFHxA,3,RM54,1,1,0,0,0,ug/kg,13.6,ug/kg,1.571,0.04,0.009,0.016,0.3
treat,PFHxA,3,RF64,1,1,0,0,0,ug/kg,13.6,ug/kg,1.749,0.038,0.009,0.018,0.3
treat,PFHxA,1,RM9,7,7,0,0,0.25,ug/kg,151.97,ug/kg,1.8,0.029,0.01,0.009,0.3
treat,PFHxA,1,RF20,7,7,1.65,1.39,0.62,ug/kg,151.97,ug/kg,2.01,0.026,0.009,0.007,0.3
treat,PFHxA,2,RM28,7,7,2.08,0.42,0,ug/kg,51.53,ug/kg,1.789,0.038,0.011,0.01,0.3
treat,PFHxA,2,RF38,7,7,2.37,0.26,0.24,ug/kg,51.53,ug/kg,1.791,0.04,0.011,0.012,0.3
treat,PFHxA,3,RM52,7,7,0.45,0,0,ug/kg,13.6,ug/kg,1.845,0.041,0.013,0.02,0.3
treat,PFHxA,3,RF62,7,7,0.2,0,0,ug/kg,13.6,ug/kg,1.777,0.045,0.012,0.021,0.3
treat,PFHxA,1,RM8,14,14,1.08,0,0.88,ug/kg,175.83,ug/kg,1.638,0.03,0.011,0.006,0.3
treat,PFHxA,1,RF23,14,14,0.6,0,0.79,ug/kg,175.83,ug/kg,1.751,0.028,0.011,0.009,0.3
treat,PFHxA,2,RM32,14,14,0.21,0,0.24,ug/kg,134.88,ug/kg,1.72,0.035,0.01,0.01,0.3
treat,PFHxA,2,RF43,14,14,0.23,0,0.67,ug/kg,134.88,ug/kg,1.97,0.028,0.011,0.014,0.3
treat,PFHxA,3,RM47,14,14,0,0,0,ug/kg,11.53,ug/kg,1.841,0.036,0.011,0.024,0.3
treat,PFHxA,3,RF58,14,14,0.15,0,0,ug/kg,11.53,ug/kg,1.712,0.035,0.01,0.022,0.3
treat,PFHxA,1,RM13,28,28,3.16,0,0,ug/kg,188.2,ug/kg,1.739,0.041,0.012,0.007,0.3
treat,PFHxA,1,RF18,28,28,0.55,0,0,ug/kg,188.2,ug/kg,1.924,0.03,0.011,0.003,0.3
treat,PFHxA,2,RM30,28,28,0.16,0,0.31,ug/kg,175.15,ug/kg,1.741,0.041,0.01,0.011,0.3
treat,PFHxA,2,RF40,28,28,0,0,0,ug/kg,175.15,ug/kg,1.78,0.032,0.013,0.019,0.3
treat,PFHxA,3,RM51,28,28,0,0,0,ug/kg,9.19,ug/kg,1.663,0.035,0.012,0.021,0.3
treat,PFHxA,3,RF59,28,28,0,0,0,ug/kg,9.19,ug/kg,1.619,0.033,0.01,0.02,0.3
treat,PFHxA,1,RM12,29,29,0,0,0.8,ug/kg,1.31,ug/kg,1.637,0.041,0.012,0.013,0.3
treat,PFHxA,2,RM33,29,29,0.12,0,0.22,ug/kg,1.84,ug/kg,1.698,0.036,0.011,0.011,0.3
treat,PFHxA,2,RF41,29,29,0,0,0,ug/kg,1.84,ug/kg,1.863,0.045,0.01,0.017,0.3
treat,PFHxA,3,RM49,29,29,0,0,0,ug/kg,0.26,ug/kg,1.513,0.034,0.009,0.017,0.3
treat,PFHxA,3,RF57,29,29,0,0,0,ug/kg,0.26,ug/kg,1.637,0.041,0.01,0.018,0.3
treat,PFHxA,1,RM10,35,35,0.478732251,0.589211789,0.749869054,ug/kg,1.31,ug/kg,1.809,0.041,0.011,0.011,0.3
treat,PFHxA,1,RF17,35,35,0,0,1.39,ug/kg,1.31,ug/kg,1.832,0.034,0.01,0.011,0.3
treat,PFHxA,2,RM31,35,35,0,0,0,ug/kg,1.84,ug/kg,1.627,0.025,0.011,0.017,0.3
treat,PFHxA,2,RF42,35,35,0,0,0,ug/kg,1.84,ug/kg,1.736,0.026,0.01,0.016,0.3
treat,PFHxA,3,RM50,35,35,0,0,0,ug/kg,0.26,ug/kg,1.572,0.029,0.01,0.017,0.3
treat,PFHxA,3,RF60,35,35,0,0,0,ug/kg,0.26,ug/kg,1.732,0.033,0.013,0.019,0.3
treat,PFHxA,1,RM7,42,42,0,0,0,ug/kg,4.5,ug/kg,1.719,0.037,0.013,0.013,0.3
treat,PFHxA,1,RF19,42,42,0,0,0,ug/kg,4.5,ug/kg,1.743,0.028,0.012,0.012,0.3
treat,PFHxA,2,RM27,42,42,0,0.3,0.34,ug/kg,1.99,ug/kg,1.644,0.036,0.011,0.015,0.3
treat,PFHxA,2,RF37,42,42,0,0.21,0.12,ug/kg,1.99,ug/kg,1.717,0.032,0.01,0.016,0.3
treat,PFHxA,3,RM53,42,42,0,0,0,ug/kg,0.18,ug/kg,1.741,0.036,0.01,0.021,0.3
treat,PFHxA,3,RF63,42,42,0,0,0,ug/kg,0.18,ug/kg,1.724,0.041,0.01,0.02,0.3
treat,PFHxA,1,RF21,56,56,0,0,3.1,ug/kg,1.78,ug/kg,1.751,0.035,0.013,0.009,0.3
treat,PFHxA,1,RM11,56,56,0,0,0,ug/kg,1.78,ug/kg,1.735,0.033,0.008,0.012,0.3
treat,PFHxA,2,RF39,56,56,0.22,0.18,0.16,ug/kg,1.31,ug/kg,1.826,0.033,0.01,0.021,0.3
treat,PFHxA,2,RM29,56,56,0.19,0,0.3,ug/kg,1.31,ug/kg,1.701,0.034,0.011,0.018,0.3
treat,PFHxA,3,RM48,56,56,0,0,0,ug/kg,0,ug/kg,1.812,0.038,0.011,0.019,0.3
treat,PFHxA,3,RF61,56,56,0,0,0,ug/kg,0,ug/kg,1.712,0.045,0.012,0.022,0.3
treat,PFHxA,1,RM5,0,0,0,0,0,ug/kg,0,ug/kg,1.783,0.052,0.012,0.013,0.3
treat,PFHxA,1,RF15,0,0,0,0,0,ug/kg,0,ug/kg,2.223,0.058,0.013,0.013,0.3
Control,PFHxA,1,RM6,0,28,0,0,0,ug/kg,0,ug/kg,1.737,0.033,0.011,0.013,0.3
Control,PFHxA,1,RF16,0,28,0.726864182,0,0.46,ug/kg,0,ug/kg,1.758,0.026,0.01,0.013,0.3
treat,PFHxA,2,RM25,0,0,0,0,0.18,ug/kg,0,ug/kg,1.96,0.036,0.013,0.011,0.3
treat,PFHxA,2,RF35,0,0,0,0,0,ug/kg,0,ug/kg,1.98,0.062,0.011,0.01,0.3
Control,PFHxA,2,RM26,0,28,0.18,0.21,0.33,ug/kg,0,ug/kg,1.792,0.033,0.01,0.011,0.3
Control,PFHxA,2,RF36,0,28,0,0,0,ug/kg,0,ug/kg,1.732,0.032,0.008,0.011,0.3
treat,PFHxA,3,RM45,0,0,0,0,0,ug/kg,0,ug/kg,1.724,0.037,0.012,0.019,0.3
treat,PFHxA,3,RF55,0,0,0,0,0,ug/kg,0,ug/kg,1.727,0.039,0.011,0.019,0.3
Control,PFHxA,3,RM46,0,28,0,0,0,ug/kg,0,ug/kg,1.678,0.036,0.009,0.02,0.3
Control,PFHxA,3,RF56,0,28,0,0,0,ug/kg,0,ug/kg,1.864,0.042,0.011,0.021,0.3
treat,PFPeA,1,RF24,1,1,0,0,0.4,ug/kg,536.8,ug/kg,1.822,0.034,0.01,0.003,0.3
treat,PFPeA,1,RM14,1,1,0.25,0.3,0.21,ug/kg,536.8,ug/kg,1.838,0.035,0.013,0.006,0.3
treat,PFPeA,2,RF44,1,1,0.35,0,0,ug/kg,167.82,ug/kg,1.95,0.04,0.012,0.017,0.3
treat,PFPeA,2,RM34,1,1,0,0,0,ug/kg,167.82,ug/kg,1.71,0.041,0.011,0.013,0.3
treat,PFPeA,3,RM54,1,1,0,0,0,ug/kg,45.19,ug/kg,1.571,0.04,0.009,0.016,0.3
treat,PFPeA,3,RF64,1,1,0,0,0,ug/kg,45.19,ug/kg,1.749,0.038,0.009,0.018,0.3
treat,PFPeA,1,RM9,7,7,0.34,0.29,0.13,ug/kg,536.8,ug/kg,1.8,0.029,0.01,0.009,0.3
treat,PFPeA,1,RF20,7,7,0.71,0.72,0.31,ug/kg,536.8,ug/kg,2.01,0.026,0.009,0.007,0.3
treat,PFPeA,2,RM28,7,7,4.38,0.37,0,ug/kg,167.82,ug/kg,1.789,0.038,0.011,0.01,0.3
treat,PFPeA,2,RF38,7,7,4.75,0.58,0,ug/kg,167.82,ug/kg,1.791,0.04,0.011,0.012,0.3
treat,PFPeA,3,RM52,7,7,0.78,0.17,0.08,ug/kg,45.19,ug/kg,1.845,0.041,0.013,0.02,0.3
treat,PFPeA,3,RF62,7,7,0.49,0.12,0,ug/kg,45.19,ug/kg,1.777,0.045,0.012,0.021,0.3
treat,PFPeA,1,RM8,14,14,0.57,0.29,0.35,ug/kg,631.8,ug/kg,1.638,0.03,0.011,0.006,0.3
treat,PFPeA,1,RF23,14,14,0.44,0.39,0.38,ug/kg,631.8,ug/kg,1.751,0.028,0.011,0.009,0.3
treat,PFPeA,2,RM32,14,14,0,0,0,ug/kg,462.22,ug/kg,1.72,0.035,0.01,0.01,0.3
treat,PFPeA,2,RF43,14,14,0,0,0.25,ug/kg,462.22,ug/kg,1.97,0.028,0.011,0.014,0.3
treat,PFPeA,3,RM47,14,14,0,0,0,ug/kg,66.41,ug/kg,1.841,0.036,0.011,0.024,0.3
treat,PFPeA,3,RF58,14,14,0.47,0.08,0,ug/kg,66.41,ug/kg,1.712,0.035,0.01,0.022,0.3
treat,PFPeA,1,RM13,28,28,0.52,0.38,0.51,ug/kg,500.2,ug/kg,1.739,0.041,0.012,0.007,0.3
treat,PFPeA,1,RF18,28,28,0.1,0.62,0.56,ug/kg,500.2,ug/kg,1.924,0.03,0.011,0.003,0.3
treat,PFPeA,2,RM30,28,28,0,0,0,ug/kg,247.85,ug/kg,1.741,0.041,0.01,0.011,0.3
treat,PFPeA,2,RF40,28,28,0,0,0,ug/kg,247.85,ug/kg,1.78,0.032,0.013,0.019,0.3
treat,PFPeA,3,RM51,28,28,0,0,0,ug/kg,53.04,ug/kg,1.663,0.035,0.012,0.021,0.3
treat,PFPeA,3,RF59,28,28,0,0,0,ug/kg,53.04,ug/kg,1.619,0.033,0.01,0.02,0.3
treat,PFPeA,1,RM12,29,29,0.63,0.5,0.39,ug/kg,2.64,ug/kg,1.637,0.041,0.012,0.013,0.3
treat,PFPeA,2,RM33,29,29,0,0,0,ug/kg,2.88,ug/kg,1.698,0.036,0.011,0.011,0.3
treat,PFPeA,2,RF41,29,29,0,0,0,ug/kg,2.88,ug/kg,1.863,0.045,0.01,0.017,0.3
treat,PFPeA,3,RM49,29,29,0,0,0,ug/kg,0.17,ug/kg,1.513,0.034,0.009,0.017,0.3
treat,PFPeA,3,RF57,29,29,0,0,0,ug/kg,0.17,ug/kg,1.637,0.041,0.01,0.018,0.3
treat,PFPeA,1,RM10,35,35,0.194054145,0.24028625,0.305558566,ug/kg,2.64,ug/kg,1.809,0.041,0.011,0.011,0.3
treat,PFPeA,1,RF17,35,35,0.398927335,0.343154472,0.562508595,ug/kg,2.64,ug/kg,1.832,0.034,0.01,0.011,0.3
treat,PFPeA,2,RM31,35,35,0,0,0,ug/kg,2.88,ug/kg,1.627,0.025,0.011,0.017,0.3
treat,PFPeA,2,RF42,35,35,0,0,0,ug/kg,2.88,ug/kg,1.736,0.026,0.01,0.016,0.3
treat,PFPeA,3,RM50,35,35,0,0,0,ug/kg,0.17,ug/kg,1.572,0.029,0.01,0.017,0.3
treat,PFPeA,3,RF60,35,35,0,0,0,ug/kg,0.17,ug/kg,1.732,0.033,0.013,0.019,0.3
treat,PFPeA,1,RM7,42,42,0,0,0,ug/kg,11.67,ug/kg,1.719,0.037,0.013,0.013,0.3
treat,PFPeA,1,RF19,42,42,0,0,0,ug/kg,11.67,ug/kg,1.743,0.028,0.012,0.012,0.3
treat,PFPeA,2,RM27,42,42,0,0,0,ug/kg,2.82,ug/kg,1.644,0.036,0.011,0.015,0.3
treat,PFPeA,2,RF37,42,42,0,0,0,ug/kg,2.82,ug/kg,1.717,0.032,0.01,0.016,0.3
treat,PFPeA,3,RM53,42,42,0,0,0,ug/kg,0.11,ug/kg,1.741,0.036,0.01,0.021,0.3
treat,PFPeA,3,RF63,42,42,0,0,0,ug/kg,0.11,ug/kg,1.724,0.041,0.01,0.02,0.3
treat,PFPeA,1,RF21,56,56,0,0,0,ug/kg,4.45,ug/kg,1.751,0.035,0.013,0.009,0.3
treat,PFPeA,1,RM11,56,56,0,0,0,ug/kg,4.45,ug/kg,1.735,0.033,0.008,0.012,0.3
treat,PFPeA,2,RF39,56,56,0,0,0,ug/kg,2.43,ug/kg,1.826,0.033,0.01,0.021,0.3
treat,PFPeA,2,RM29,56,56,0,0,0,ug/kg,2.43,ug/kg,1.701,0.034,0.011,0.018,0.3
treat,PFPeA,3,RM48,56,56,0,0,0,ug/kg,0.07,ug/kg,1.812,0.038,0.011,0.019,0.3
treat,PFPeA,3,RF61,56,56,0,0,0,ug/kg,0.07,ug/kg,1.712,0.045,0.012,0.022,0.3
treat,PFPeA,1,RM5,0,0,0,0,0,ug/kg,0,ug/kg,1.783,0.052,0.012,0.013,0.3
treat,PFPeA,1,RF15,0,0,0,0,0,ug/kg,0,ug/kg,2.223,0.058,0.013,0.013,0.3
Control,PFPeA,1,RM6,0,28,0.255744494,0.641409363,0.461520428,ug/kg,0,ug/kg,1.737,0.033,0.011,0.013,0.3
Control,PFPeA,1,RF16,0,28,0.423410327,0.430079695,0.240216764,ug/kg,0,ug/kg,1.758,0.026,0.01,0.013,0.3
treat,PFPeA,2,RM25,0,0,0,0,0,ug/kg,0,ug/kg,1.96,0.036,0.013,0.011,0.3
treat,PFPeA,2,RF35,0,0,0,0,0,ug/kg,0,ug/kg,1.98,0.062,0.011,0.01,0.3
Control,PFPeA,2,RM26,0,28,0,0,0,ug/kg,0,ug/kg,1.792,0.033,0.01,0.011,0.3
Control,PFPeA,2,RF36,0,28,0,0,0.12,ug/kg,0,ug/kg,1.732,0.032,0.008,0.011,0.3
treat,PFPeA,3,RM45,0,0,0,0,0,ug/kg,0,ug/kg,1.724,0.037,0.012,0.019,0.3
treat,PFPeA,3,RF55,0,0,0,0,0,ug/kg,0,ug/kg,1.727,0.039,0.011,0.019,0.3
Control,PFPeA,3,RM46,0,28,0,0,0,ug/kg,0,ug/kg,1.678,0.036,0.009,0.02,0.3
Control,PFPeA,3,RF56,0,28,0,0,0,ug/kg,0,ug/kg,1.864,0.042,0.011,0.021,0.3
treat,PFHpS,1,RF24,1,1,0,0,0,ug/kg,35,ug/kg,1.822,0.034,0.01,0.003,0.3
treat,PFHpS,1,RM14,1,1,0,0,0,ug/kg,35,ug/kg,1.838,0.035,0.013,0.006,0.3
treat,PFHpS,2,RF44,1,1,1.31,4.68,0,ug/kg,10.51,ug/kg,1.95,0.04,0.012,0.017,0.3
treat,PFHpS,2,RM34,1,1,3.86,0,0,ug/kg,10.51,ug/kg,1.71,0.041,0.011,0.013,0.3
treat,PFHpS,3,RM54,1,1,1.11,0,0,ug/kg,7.88,ug/kg,1.571,0.04,0.009,0.016,0.3
treat,PFHpS,3,RF64,1,1,0,0,0,ug/kg,7.88,ug/kg,1.749,0.038,0.009,0.018,0.3
treat,PFHpS,1,RM9,7,7,85.99,17.62,0,ug/kg,35,ug/kg,1.8,0.029,0.01,0.009,0.3
treat,PFHpS,1,RF20,7,7,115.63,20.23,0,ug/kg,35,ug/kg,2.01,0.026,0.009,0.007,0.3
treat,PFHpS,2,RM28,7,7,123.14,21.92,1.75,ug/kg,10.51,ug/kg,1.789,0.038,0.011,0.01,0.3
treat,PFHpS,2,RF38,7,7,66.17,6.38,0,ug/kg,10.51,ug/kg,1.791,0.04,0.011,0.012,0.3
treat,PFHpS,3,RM52,7,7,42.94,14.91,0.33,ug/kg,7.88,ug/kg,1.845,0.041,0.013,0.02,0.3
treat,PFHpS,3,RF62,7,7,34.93,15.95,0.46,ug/kg,7.88,ug/kg,1.777,0.045,0.012,0.021,0.3
treat,PFHpS,1,RM8,14,14,288.53,57.21,0,ug/kg,29,ug/kg,1.638,0.03,0.011,0.006,0.3
treat,PFHpS,1,RF23,14,14,220.21,90.47,0,ug/kg,29,ug/kg,1.751,0.028,0.011,0.009,0.3
treat,PFHpS,2,RM32,14,14,183.71,35.36,0,ug/kg,15.7,ug/kg,1.72,0.035,0.01,0.01,0.3
treat,PFHpS,2,RF43,14,14,228.85,32.4,0,ug/kg,15.7,ug/kg,1.97,0.028,0.011,0.014,0.3
treat,PFHpS,3,RM47,14,14,132.76,37.75,0,ug/kg,8.65,ug/kg,1.841,0.036,0.011,0.024,0.3
treat,PFHpS,3,RF58,14,14,100.68,24.45,0.82,ug/kg,8.65,ug/kg,1.712,0.035,0.01,0.022,0.3
treat,PFHpS,1,RM13,28,28,1353,179,0,ug/kg,37,ug/kg,1.739,0.041,0.012,0.007,0.3
treat,PFHpS,1,RF18,28,28,114.18,261.5,0,ug/kg,37,ug/kg,1.924,0.03,0.011,0.003,0.3
treat,PFHpS,2,RM30,28,28,253.77,91.78,3.55,ug/kg,63.56,ug/kg,1.741,0.041,0.01,0.011,0.3
treat,PFHpS,2,RF40,28,28,317.15,42.99,3.89,ug/kg,63.56,ug/kg,1.78,0.032,0.013,0.019,0.3
treat,PFHpS,3,RM51,28,28,193.15,57.94,1.79,ug/kg,10.6,ug/kg,1.663,0.035,0.012,0.021,0.3
treat,PFHpS,3,RF59,28,28,144.06,63.75,1.43,ug/kg,10.6,ug/kg,1.619,0.033,0.01,0.02,0.3
treat,PFHpS,1,RM12,29,29,1179.53,135.22,1.63,ug/kg,0,ug/kg,1.637,0.041,0.012,0.013,0.3
treat,PFHpS,2,RM33,29,29,243.54,81.61,2.55,ug/kg,2.5,ug/kg,1.698,0.036,0.011,0.011,0.3
treat,PFHpS,2,RF41,29,29,697.81,63.93,4.25,ug/kg,2.5,ug/kg,1.863,0.045,0.01,0.017,0.3
treat,PFHpS,3,RM49,29,29,323.76,61.32,1.44,ug/kg,0.06,ug/kg,1.513,0.034,0.009,0.017,0.3
treat,PFHpS,3,RF57,29,29,332.87,64.49,1.54,ug/kg,0.06,ug/kg,1.637,0.041,0.01,0.018,0.3
treat,PFHpS,1,RM10,35,35,822.9527082,105.7225644,0,ug/kg,0,ug/kg,1.809,0.041,0.011,0.011,0.3
treat,PFHpS,1,RF17,35,35,855.7698784,173.9871759,0,ug/kg,0,ug/kg,1.832,0.034,0.01,0.011,0.3
treat,PFHpS,2,RM31,35,35,324.53,73.42,1.64,ug/kg,2.5,ug/kg,1.627,0.025,0.011,0.017,0.3
treat,PFHpS,2,RF42,35,35,84.44,37.52,1.74,ug/kg,2.5,ug/kg,1.736,0.026,0.01,0.016,0.3
treat,PFHpS,3,RM50,35,35,300.15,59.97,1.88,ug/kg,0.06,ug/kg,1.572,0.029,0.01,0.017,0.3
treat,PFHpS,3,RF60,35,35,124.72,83.91,1.21,ug/kg,0.06,ug/kg,1.732,0.033,0.013,0.019,0.3
treat,PFHpS,1,RM7,42,42,495.9,261.49,2.9,ug/kg,0.8,ug/kg,1.719,0.037,0.013,0.013,0.3
treat,PFHpS,1,RF19,42,42,1262.71,121.35,3.4,ug/kg,0.8,ug/kg,1.743,0.028,0.012,0.012,0.3
treat,PFHpS,2,RM27,42,42,819.3,97.97,5.18,ug/kg,2.46,ug/kg,1.644,0.036,0.011,0.015,0.3
treat,PFHpS,2,RF37,42,42,513.81,66.43,1.58,ug/kg,2.46,ug/kg,1.717,0.032,0.01,0.016,0.3
treat,PFHpS,3,RM53,42,42,66.79,52.16,1.51,ug/kg,0,ug/kg,1.741,0.036,0.01,0.021,0.3
treat,PFHpS,3,RF63,42,42,175.32,52.93,1.67,ug/kg,0,ug/kg,1.724,0.041,0.01,0.02,0.3
treat,PFHpS,1,RF21,56,56,698.88,108.62,2.29,ug/kg,0,ug/kg,1.751,0.035,0.013,0.009,0.3
treat,PFHpS,1,RM11,56,56,162.1,172.82,2.69,ug/kg,0,ug/kg,1.735,0.033,0.008,0.012,0.3
treat,PFHpS,2,RF39,56,56,383.12,49.57,1.16,ug/kg,1.63,ug/kg,1.826,0.033,0.01,0.021,0.3
treat,PFHpS,2,RM29,56,56,896.6,67.01,2.29,ug/kg,1.63,ug/kg,1.701,0.034,0.011,0.018,0.3
treat,PFHpS,3,RM48,56,56,38.83,42.18,1.74,ug/kg,0,ug/kg,1.812,0.038,0.011,0.019,0.3
treat,PFHpS,3,RF61,56,56,85.93,42.81,1.63,ug/kg,0,ug/kg,1.712,0.045,0.012,0.022,0.3
treat,PFHpS,1,RM5,0,0,0,0,0,ug/kg,0,ug/kg,1.783,0.052,0.012,0.013,0.3
treat,PFHpS,1,RF15,0,0,0,0,0,ug/kg,0,ug/kg,2.223,0.058,0.013,0.013,0.3
Control,PFHpS,1,RM6,0,28,1.544181375,0,0,ug/kg,0,ug/kg,1.737,0.033,0.011,0.013,0.3
Control,PFHpS,1,RF16,0,28,0,0,0,ug/kg,0,ug/kg,1.758,0.026,0.01,0.013,0.3
treat,PFHpS,2,RM25,0,0,0,0,0,ug/kg,0,ug/kg,1.96,0.036,0.013,0.011,0.3
treat,PFHpS,2,RF35,0,0,0,0,0,ug/kg,0,ug/kg,1.98,0.062,0.011,0.01,0.3
Control,PFHpS,2,RM26,0,28,1.88,0,0,ug/kg,0,ug/kg,1.792,0.033,0.01,0.011,0.3
Control,PFHpS,2,RF36,0,28,3.53,2.73,0,ug/kg,0,ug/kg,1.732,0.032,0.008,0.011,0.3
treat,PFHpS,3,RM45,0,0,0,0,0,ug/kg,0,ug/kg,1.724,0.037,0.012,0.019,0.3
treat,PFHpS,3,RF55,0,0,0,0,0,ug/kg,0,ug/kg,1.727,0.039,0.011,0.019,0.3
Control,PFHpS,3,RM46,0,28,0.96,0.17,0.17,ug/kg,0,ug/kg,1.678,0.036,0.009,0.02,0.3
Control,PFHpS,3,RF56,0,28,0.61,0,0,ug/kg,0,ug/kg,1.864,0.042,0.011,0.021,0.3
treat,PFHxS,1,RF24,1,1,0,0,0,ug/kg,58.7,ug/kg,1.822,0.034,0.01,0.003,0.3
treat,PFHxS,1,RM14,1,1,0,2.73,0,ug/kg,58.7,ug/kg,1.838,0.035,0.013,0.006,0.3
treat,PFHxS,2,RF44,1,1,0,4.44,0,ug/kg,14.94,ug/kg,1.95,0.04,0.012,0.017,0.3
treat,PFHxS,2,RM34,1,1,0,10.69,0,ug/kg,14.94,ug/kg,1.71,0.041,0.011,0.013,0.3
treat,PFHxS,3,RM54,1,1,1.43,8.68,0,ug/kg,14.7,ug/kg,1.571,0.04,0.009,0.016,0.3
treat,PFHxS,3,RF64,1,1,2.12,11.35,0,ug/kg,14.7,ug/kg,1.749,0.038,0.009,0.018,0.3
treat,PFHxS,1,RM9,7,7,52.45,6.4,0,ug/kg,58.7,ug/kg,1.8,0.029,0.01,0.009,0.3
treat,PFHxS,1,RF20,7,7,21.02,5.48,0,ug/kg,58.7,ug/kg,2.01,0.026,0.009,0.007,0.3
treat,PFHxS,2,RM28,7,7,22.45,8.01,0.36,ug/kg,14.94,ug/kg,1.789,0.038,0.011,0.01,0.3
treat,PFHxS,2,RF38,7,7,16.96,4.68,0,ug/kg,14.94,ug/kg,1.791,0.04,0.011,0.012,0.3
treat,PFHxS,3,RM52,7,7,20.51,9.86,0.43,ug/kg,14.7,ug/kg,1.845,0.041,0.013,0.02,0.3
treat,PFHxS,3,RF62,7,7,19.96,9.2,0.58,ug/kg,14.7,ug/kg,1.777,0.045,0.012,0.021,0.3
treat,PFHxS,1,RM8,14,14,102.51,11.24,0,ug/kg,59.9,ug/kg,1.638,0.03,0.011,0.006,0.3
treat,PFHxS,1,RF23,14,14,51.93,22.37,1.6,ug/kg,59.9,ug/kg,1.751,0.028,0.011,0.009,0.3
treat,PFHxS,2,RM32,14,14,22.62,7.67,1.04,ug/kg,25.2,ug/kg,1.72,0.035,0.01,0.01,0.3
treat,PFHxS,2,RF43,14,14,44.17,7.07,0.68,ug/kg,25.2,ug/kg,1.97,0.028,0.011,0.014,0.3
treat,PFHxS,3,RM47,14,14,30.37,13.78,0.49,ug/kg,17.97,ug/kg,1.841,0.036,0.011,0.024,0.3
treat,PFHxS,3,RF58,14,14,38,12,0.74,ug/kg,17.97,ug/kg,1.712,0.035,0.01,0.022,0.3
treat,PFHxS,1,RM13,28,28,141.58,7.84,1.66,ug/kg,82.2,ug/kg,1.739,0.041,0.012,0.007,0.3
treat,PFHxS,1,RF18,28,28,22.05,7.31,0,ug/kg,82.2,ug/kg,1.924,0.03,0.011,0.003,0.3
treat,PFHxS,2,RM30,28,28,23.35,9.81,1.73,ug/kg,111.58,ug/kg,1.741,0.041,0.01,0.011,0.3
treat,PFHxS,2,RF40,28,28,35.36,3.31,1.85,ug/kg,111.58,ug/kg,1.78,0.032,0.013,0.019,0.3
treat,PFHxS,3,RM51,28,28,50.55,13.06,1.09,ug/kg,19.52,ug/kg,1.663,0.035,0.012,0.021,0.3
treat,PFHxS,3,RF59,28,28,25.38,8.09,0.61,ug/kg,19.52,ug/kg,1.619,0.033,0.01,0.02,0.3
treat,PFHxS,1,RM12,29,29,15.69,0.88,0,ug/kg,0,ug/kg,1.637,0.041,0.012,0.013,0.3
treat,PFHxS,2,RM33,29,29,13.78,4.61,0.88,ug/kg,0,ug/kg,1.698,0.036,0.011,0.011,0.3
treat,PFHxS,2,RF41,29,29,56.36,3.91,1.45,ug/kg,0,ug/kg,1.863,0.045,0.01,0.017,0.3
treat,PFHxS,3,RM49,29,29,85.38763873,7.49,0.68,ug/kg,0.45,ug/kg,1.513,0.034,0.009,0.017,0.3
treat,PFHxS,3,RF57,29,29,72.73,11.31189117,1.15,ug/kg,0.45,ug/kg,1.637,0.041,0.01,0.018,0.3
treat,PFHxS,1,RM10,35,35,19.22445408,3.91,0,ug/kg,0,ug/kg,1.809,0.041,0.011,0.011,0.3
treat,PFHxS,1,RF17,35,35,114.1284894,33.11747621,0,ug/kg,0,ug/kg,1.832,0.034,0.01,0.011,0.3
treat,PFHxS,2,RM31,35,35,16.34,5.38,0.57,ug/kg,0,ug/kg,1.627,0.025,0.011,0.017,0.3
treat,PFHxS,2,RF42,35,35,4.18,2.06,0,ug/kg,0,ug/kg,1.736,0.026,0.01,0.016,0.3
treat,PFHxS,3,RM50,35,35,28.88,5.71,0.56,ug/kg,0.45,ug/kg,1.572,0.029,0.01,0.017,0.3
treat,PFHxS,3,RF60,35,35,4.09,2.82,0,ug/kg,0.45,ug/kg,1.732,0.033,0.013,0.019,0.3
treat,PFHxS,1,RM7,42,42,6.79,4.35,0,ug/kg,1.15,ug/kg,1.719,0.037,0.013,0.013,0.3
treat,PFHxS,1,RF19,42,42,94.42,8.74,0.45,ug/kg,1.15,ug/kg,1.743,0.028,0.012,0.012,0.3
treat,PFHxS,2,RM27,42,42,21.88,6.48,1.21,ug/kg,0,ug/kg,1.644,0.036,0.011,0.015,0.3
treat,PFHxS,2,RF37,42,42,6.6,3.96,0,ug/kg,0,ug/kg,1.717,0.032,0.01,0.016,0.3
treat,PFHxS,3,RM53,42,42,1.39,1.26,0,ug/kg,0.1,ug/kg,1.741,0.036,0.01,0.021,0.3
treat,PFHxS,3,RF63,42,42,14.8,4.31,0.47,ug/kg,0.1,ug/kg,1.724,0.041,0.01,0.02,0.3
treat,PFHxS,1,RF21,56,56,6.44,0,0,ug/kg,0.11,ug/kg,1.751,0.035,0.013,0.009,0.3
treat,PFHxS,1,RM11,56,56,8.7,3.93,0,ug/kg,0.11,ug/kg,1.735,0.033,0.008,0.012,0.3
treat,PFHxS,2,RF39,56,56,2.81,2.16,0.31,ug/kg,0,ug/kg,1.826,0.033,0.01,0.021,0.3
treat,PFHxS,2,RM29,56,56,7.02,5.97,0,ug/kg,0,ug/kg,1.701,0.034,0.011,0.018,0.3
treat,PFHxS,3,RM48,56,56,0.94,1.94,0,ug/kg,0,ug/kg,1.812,0.038,0.011,0.019,0.3
treat,PFHxS,3,RF61,56,56,1.49,2.35,0,ug/kg,0,ug/kg,1.712,0.045,0.012,0.022,0.3
treat,PFHxS,1,RM5,0,0,0,0,0,ug/kg,0,ug/kg,1.783,0.052,0.012,0.013,0.3
treat,PFHxS,1,RF15,0,0,0,0,0,ug/kg,0,ug/kg,2.223,0.058,0.013,0.013,0.3
Control,PFHxS,1,RM6,0,28,0,0,0,ug/kg,0,ug/kg,1.737,0.033,0.011,0.013,0.3
Control,PFHxS,1,RF16,0,28,1.981994182,13.83997081,0,ug/kg,0,ug/kg,1.758,0.026,0.01,0.013,0.3
treat,PFHxS,2,RM25,0,0,4.04,0,0,ug/kg,0,ug/kg,1.96,0.036,0.013,0.011,0.3
treat,PFHxS,2,RF35,0,0,5.26,0,0,ug/kg,0,ug/kg,1.98,0.062,0.011,0.01,0.3
Control,PFHxS,2,RM26,0,28,1.37,0,0,ug/kg,0,ug/kg,1.792,0.033,0.01,0.011,0.3
Control,PFHxS,2,RF36,0,28,1.9,0,0,ug/kg,0,ug/kg,1.732,0.032,0.008,0.011,0.3
treat,PFHxS,3,RM45,0,0,0,3.08,0,ug/kg,0,ug/kg,1.724,0.037,0.012,0.019,0.3
treat,PFHxS,3,RF55,0,0,0,8.14,0,ug/kg,0,ug/kg,1.727,0.039,0.011,0.019,0.3
Control,PFHxS,3,RM46,0,28,0.5,2.04,0,ug/kg,0,ug/kg,1.678,0.036,0.009,0.02,0.3
Control,PFHxS,3,RF56,0,28,0,1.82,0,ug/kg,0,ug/kg,1.864,0.042,0.011,0.021,0.3
treat,PFBS,1,RF24,1,1,0,0,0,ug/kg,259,ug/kg,1.822,0.034,0.01,0.003,0.3
treat,PFBS,1,RM14,1,1,0,0,0,ug/kg,259,ug/kg,1.838,0.035,0.013,0.006,0.3
treat,PFBS,2,RF44,1,1,3.63,0,0,ug/kg,84.19,ug/kg,1.95,0.04,0.012,0.017,0.3
treat,PFBS,2,RM34,1,1,0.99,1.07,0,ug/kg,84.19,ug/kg,1.71,0.041,0.011,0.013,0.3
treat,PFBS,3,RM54,1,1,12.61,5.26,0.94,ug/kg,28.07,ug/kg,1.571,0.04,0.009,0.016,0.3
treat,PFBS,3,RF64,1,1,1.75,0,0,ug/kg,28.07,ug/kg,1.749,0.038,0.009,0.018,0.3
treat,PFBS,1,RM9,7,7,1.63,0,0.1,ug/kg,259,ug/kg,1.8,0.029,0.01,0.009,0.3
treat,PFBS,1,RF20,7,7,178.54,0,0,ug/kg,259,ug/kg,2.01,0.026,0.009,0.007,0.3
treat,PFBS,2,RM28,7,7,3.26,1.97,0.49,ug/kg,84.19,ug/kg,1.789,0.038,0.011,0.01,0.3
treat,PFBS,2,RF38,7,7,3.35,2.35,0.33,ug/kg,84.19,ug/kg,1.791,0.04,0.011,0.012,0.3
treat,PFBS,3,RM52,7,7,54.83,25.65,2.71,ug/kg,28.07,ug/kg,1.845,0.041,0.013,0.02,0.3
treat,PFBS,3,RF62,7,7,24.23,9.9,1.41,ug/kg,28.07,ug/kg,1.777,0.045,0.012,0.021,0.3
treat,PFBS,1,RM8,14,14,0,10.81,8.86,ug/kg,237,ug/kg,1.638,0.03,0.011,0.006,0.3
treat,PFBS,1,RF23,14,14,0,0,0,ug/kg,237,ug/kg,1.751,0.028,0.011,0.009,0.3
treat,PFBS,2,RM32,14,14,0.16,0,0,ug/kg,84.36,ug/kg,1.72,0.035,0.01,0.01,0.3
treat,PFBS,2,RF43,14,14,0.05,0,0.35,ug/kg,84.36,ug/kg,1.97,0.028,0.011,0.014,0.3
treat,PFBS,3,RM47,14,14,5.1,0,0,ug/kg,33.31,ug/kg,1.841,0.036,0.011,0.024,0.3
treat,PFBS,3,RF58,14,14,19.21,5.88,0.74,ug/kg,33.31,ug/kg,1.712,0.035,0.01,0.022,0.3
treat,PFBS,1,RM13,28,28,0,40.29,0,ug/kg,240,ug/kg,1.739,0.041,0.012,0.007,0.3
treat,PFBS,1,RF18,28,28,0.72,0,0,ug/kg,240,ug/kg,1.924,0.03,0.011,0.003,0.3
treat,PFBS,2,RM30,28,28,0.21,0.44,0,ug/kg,177.99,ug/kg,1.741,0.041,0.01,0.011,0.3
treat,PFBS,2,RF40,28,28,0,0,0,ug/kg,177.99,ug/kg,1.78,0.032,0.013,0.019,0.3
treat,PFBS,3,RM51,28,28,6.11,2.23,0,ug/kg,23.32,ug/kg,1.663,0.035,0.012,0.021,0.3
treat,PFBS,3,RF59,28,28,15.17,4.55,0.6,ug/kg,23.32,ug/kg,1.619,0.033,0.01,0.02,0.3
treat,PFBS,1,RM12,29,29,8.02,14.21,3.8,ug/kg,0.96,ug/kg,1.637,0.041,0.012,0.013,0.3
treat,PFBS,2,RM33,29,29,0,0.05,0,ug/kg,1.4,ug/kg,1.698,0.036,0.011,0.011,0.3
treat,PFBS,2,RF41,29,29,0,0,0,ug/kg,1.4,ug/kg,1.863,0.045,0.01,0.017,0.3
treat,PFBS,3,RM49,29,29,0,0,0,ug/kg,0.19,ug/kg,1.513,0.034,0.009,0.017,0.3
treat,PFBS,3,RF57,29,29,0,0,0,ug/kg,0.19,ug/kg,1.637,0.041,0.01,0.018,0.3
treat,PFBS,1,RM10,35,35,0.51693453,1.03745014,1.13724012,ug/kg,0.96,ug/kg,1.809,0.041,0.011,0.011,0.3
treat,PFBS,1,RF17,35,35,0.455494284,0.660839663,0.832850436,ug/kg,0.96,ug/kg,1.832,0.034,0.01,0.011,0.3
treat,PFBS,2,RM31,35,35,0,0,0,ug/kg,1.4,ug/kg,1.627,0.025,0.011,0.017,0.3
treat,PFBS,2,RF42,35,35,0,0,0,ug/kg,1.4,ug/kg,1.736,0.026,0.01,0.016,0.3
treat,PFBS,3,RM50,35,35,0,0,0,ug/kg,0.19,ug/kg,1.572,0.029,0.01,0.017,0.3
treat,PFBS,3,RF60,35,35,0,0,0,ug/kg,0.19,ug/kg,1.732,0.033,0.013,0.019,0.3
treat,PFBS,1,RM7,42,42,0,0,0,ug/kg,5.17,ug/kg,1.719,0.037,0.013,0.013,0.3
treat,PFBS,1,RF19,42,42,0,0,0,ug/kg,5.17,ug/kg,1.743,0.028,0.012,0.012,0.3
treat,PFBS,2,RM27,42,42,4.39,3.42,1.04,ug/kg,1.38,ug/kg,1.644,0.036,0.011,0.015,0.3
treat,PFBS,2,RF37,42,42,0.07,0.82,0,ug/kg,1.38,ug/kg,1.717,0.032,0.01,0.016,0.3
treat,PFBS,3,RM53,42,42,0,0,0,ug/kg,0.05,ug/kg,1.741,0.036,0.01,0.021,0.3
treat,PFBS,3,RF63,42,42,0,0,0,ug/kg,0.05,ug/kg,1.724,0.041,0.01,0.02,0.3
treat,PFBS,1,RF21,56,56,0,0,0,ug/kg,0,ug/kg,1.751,0.035,0.013,0.009,0.3
treat,PFBS,1,RM11,56,56,0,0,0,ug/kg,0,ug/kg,1.735,0.033,0.008,0.012,0.3
treat,PFBS,2,RF39,56,56,0.38,0,0.39,ug/kg,0.2,ug/kg,1.826,0.033,0.01,0.021,0.3
treat,PFBS,2,RM29,56,56,0,0,0.91,ug/kg,0.2,ug/kg,1.701,0.034,0.011,0.018,0.3
treat,PFBS,3,RM48,56,56,0,0,0,ug/kg,0.13,ug/kg,1.812,0.038,0.011,0.019,0.3
treat,PFBS,3,RF61,56,56,0,0,0,ug/kg,0.13,ug/kg,1.712,0.045,0.012,0.022,0.3
treat,PFBS,1,RM5,0,0,1.094014875,5.864948894,0,ug/kg,0,ug/kg,1.783,0.052,0.012,0.013,0.3
treat,PFBS,1,RF15,0,0,1.606986642,3.85944541,2.496475877,ug/kg,0,ug/kg,2.223,0.058,0.013,0.013,0.3
Control,PFBS,1,RM6,0,28,0.28,0,0,ug/kg,0,ug/kg,1.737,0.033,0.011,0.013,0.3
Control,PFBS,1,RF16,0,28,5.238864871,2.997470951,0.331304493,ug/kg,0,ug/kg,1.758,0.026,0.01,0.013,0.3
treat,PFBS,2,RM25,0,0,0.92,1.8,0,ug/kg,0,ug/kg,1.96,0.036,0.013,0.011,0.3
treat,PFBS,2,RF35,0,0,2.05,0.37,0.37,ug/kg,0,ug/kg,1.98,0.062,0.011,0.01,0.3
Control,PFBS,2,RM26,0,28,0,0,0,ug/kg,0,ug/kg,1.792,0.033,0.01,0.011,0.3
Control,PFBS,2,RF36,0,28,0.18,0.4,0.29,ug/kg,0,ug/kg,1.732,0.032,0.008,0.011,0.3
treat,PFBS,3,RM45,0,0,0,0,0,ug/kg,0,ug/kg,1.724,0.037,0.012,0.019,0.3
treat,PFBS,3,RF55,0,0,0,0,0,ug/kg,0,ug/kg,1.727,0.039,0.011,0.019,0.3
Control,PFBS,3,RM46,0,28,0,0,0,ug/kg,0,ug/kg,1.678,0.036,0.009,0.02,0.3
Control,PFBS,3,RF56,0,28,0,0,0,ug/kg,0,ug/kg,1.864,0.042,0.011,0.021,0.3
treat,PFOS,1,RF24,1,1,0,0,0,ug/kg,11,ug/kg,1.822,0.034,0.01,0.003,0.3
treat,PFOS,1,RM14,1,1,0,0,0,ug/kg,11,ug/kg,1.838,0.035,0.013,0.006,0.3
treat,PFOS,2,RF44,1,1,2.43,0.84,0,ug/kg,8.21,ug/kg,1.95,0.04,0.012,0.017,0.3
treat,PFOS,2,RM34,1,1,4.12,8.87,0,ug/kg,8.21,ug/kg,1.71,0.041,0.011,0.013,0.3
treat,PFOS,3,RM54,1,1,0,1.19,0,ug/kg,4.33,ug/kg,1.571,0.04,0.009,0.016,0.3
treat,PFOS,3,RF64,1,1,1.11,13.56,0.59,ug/kg,4.33,ug/kg,1.749,0.038,0.009,0.018,0.3
treat,PFOS,1,RM9,7,7,0,0,0,ug/kg,11,ug/kg,1.8,0.029,0.01,0.009,0.3
treat,PFOS,1,RF20,7,7,0,0,0,ug/kg,11,ug/kg,2.01,0.026,0.009,0.007,0.3
treat,PFOS,2,RM28,7,7,128.69,13,0.52,ug/kg,8.21,ug/kg,1.789,0.038,0.011,0.01,0.3
treat,PFOS,2,RF38,7,7,51.13,65.77,0,ug/kg,8.21,ug/kg,1.791,0.04,0.011,0.012,0.3
treat,PFOS,3,RM52,7,7,43.62,20.18,0,ug/kg,4.33,ug/kg,1.845,0.041,0.013,0.02,0.3
treat,PFOS,3,RF62,7,7,40.73,22.07,0.84,ug/kg,4.33,ug/kg,1.777,0.045,0.012,0.021,0.3
treat,PFOS,1,RM8,14,14,0,0,0,ug/kg,11.1,ug/kg,1.638,0.03,0.011,0.006,0.3
treat,PFOS,1,RF23,14,14,62.32,0,1.6,ug/kg,11.1,ug/kg,1.751,0.028,0.011,0.009,0.3
treat,PFOS,2,RM32,14,14,203.92,65.77,1.6,ug/kg,10.24,ug/kg,1.72,0.035,0.01,0.01,0.3
treat,PFOS,2,RF43,14,14,243.15,68.24,0.79,ug/kg,10.24,ug/kg,1.97,0.028,0.011,0.014,0.3
treat,PFOS,3,RM47,14,14,126.23,61,1.09,ug/kg,9.96,ug/kg,1.841,0.036,0.011,0.024,0.3
treat,PFOS,3,RF58,14,14,98.97,51.22,1.12,ug/kg,9.96,ug/kg,1.712,0.035,0.01,0.022,0.3
treat,PFOS,1,RM13,28,28,1035.09,144.27,0,ug/kg,9.4,ug/kg,1.739,0.041,0.012,0.007,0.3
treat,PFOS,1,RF18,28,28,19.47,0,0,ug/kg,9.4,ug/kg,1.924,0.03,0.011,0.003,0.3
treat,PFOS,2,RM30,28,28,257.2,149.86,4.24,ug/kg,30.63,ug/kg,1.741,0.041,0.01,0.011,0.3
treat,PFOS,2,RF40,28,28,253.28,84.88,3.89,ug/kg,30.63,ug/kg,1.78,0.032,0.013,0.019,0.3
treat,PFOS,3,RM51,28,28,215.77,90.05,1.74,ug/kg,9.79,ug/kg,1.663,0.035,0.012,0.021,0.3
treat,PFOS,3,RF59,28,28,161.27,120.99,2.13,ug/kg,9.79,ug/kg,1.619,0.033,0.01,0.02,0.3
treat,PFOS,1,RM12,29,29,985.27,0,0,ug/kg,0,ug/kg,1.637,0.041,0.012,0.013,0.3
treat,PFOS,2,RM33,29,29,259.48,129.99,2.63,ug/kg,0,ug/kg,1.698,0.036,0.011,0.011,0.3
treat,PFOS,2,RF41,29,29,639.89,109.5,3.61,ug/kg,0,ug/kg,1.863,0.045,0.01,0.017,0.3
treat,PFOS,3,RM49,29,29,295.9029166,95.85426562,2.075280093,ug/kg,0,ug/kg,1.513,0.034,0.009,0.017,0.3
treat,PFOS,3,RF57,29,29,349.6755678,99.42,2.45,ug/kg,0,ug/kg,1.637,0.041,0.01,0.018,0.3
treat,PFOS,1,RM10,35,35,727.38,0,0,ug/kg,0,ug/kg,1.809,0.041,0.011,0.011,0.3
treat,PFOS,1,RF17,35,35,597.97,0,0,ug/kg,0,ug/kg,1.832,0.034,0.01,0.011,0.3
treat,PFOS,2,RM31,35,35,291.83,142.66,2.15,ug/kg,0,ug/kg,1.627,0.025,0.011,0.017,0.3
treat,PFOS,2,RF42,35,35,104.66,66.6,2.27,ug/kg,0,ug/kg,1.736,0.026,0.01,0.016,0.3
treat,PFOS,3,RM50,35,35,312.19,88.81,2.9,ug/kg,0,ug/kg,1.572,0.029,0.01,0.017,0.3
treat,PFOS,3,RF60,35,35,162.74,111.81,2.34,ug/kg,0,ug/kg,1.732,0.033,0.013,0.019,0.3
treat,PFOS,1,RM7,42,42,559.69,415.52,8.55,ug/kg,0.13,ug/kg,1.719,0.037,0.013,0.013,0.3
treat,PFOS,1,RF19,42,42,1021.69,233.58,6.52,ug/kg,0.13,ug/kg,1.743,0.028,0.012,0.012,0.3
treat,PFOS,2,RM27,42,42,655.99,185.81,5.47,ug/kg,2.39,ug/kg,1.644,0.036,0.011,0.015,0.3
treat,PFOS,2,RF37,42,42,408.97,110.83,1.93,ug/kg,2.39,ug/kg,1.717,0.032,0.01,0.016,0.3
treat,PFOS,3,RM53,42,42,74.31,79.33,1.95,ug/kg,0.36,ug/kg,1.741,0.036,0.01,0.021,0.3
treat,PFOS,3,RF63,42,42,145.72,74.11,2.14,ug/kg,0.36,ug/kg,1.724,0.041,0.01,0.02,0.3
treat,PFOS,1,RF21,56,56,434.84,205.12,6.26,ug/kg,0,ug/kg,1.751,0.035,0.013,0.009,0.3
treat,PFOS,1,RM11,56,56,233.71,334.88,6.71,ug/kg,0,ug/kg,1.735,0.033,0.008,0.012,0.3
treat,PFOS,2,RF39,56,56,396.53,105.4,2.14,ug/kg,0,ug/kg,1.826,0.033,0.01,0.021,0.3
treat,PFOS,2,RM29,56,56,652.47,130.46,6.27,ug/kg,0,ug/kg,1.701,0.034,0.011,0.018,0.3
treat,PFOS,3,RM48,56,56,43.29,58.19,1.77,ug/kg,0,ug/kg,1.812,0.038,0.011,0.019,0.3
treat,PFOS,3,RF61,56,56,83.56,51.54,161.01,ug/kg,0,ug/kg,1.712,0.045,0.012,0.022,0.3
treat,PFOS,1,RM5,0,0,0,0,0,ug/kg,0,ug/kg,1.783,0.052,0.012,0.013,0.3
treat,PFOS,1,RF15,0,0,0,0,0,ug/kg,0,ug/kg,2.223,0.058,0.013,0.013,0.3
Control,PFOS,1,RM6,0,28,0,0,0,ug/kg,0,ug/kg,1.737,0.033,0.011,0.013,0.3
Control,PFOS,1,RF16,0,28,0,0,0,ug/kg,0,ug/kg,1.758,0.026,0.01,0.013,0.3
treat,PFOS,2,RM25,0,0,2,16.42,0,ug/kg,0,ug/kg,1.96,0.036,0.013,0.011,0.3
treat,PFOS,2,RF35,0,0,11.36,0.67,0,ug/kg,0,ug/kg,1.98,0.062,0.011,0.01,0.3
Control,PFOS,2,RM26,0,28,3.94,0,0,ug/kg,0,ug/kg,1.792,0.033,0.01,0.011,0.3
Control,PFOS,2,RF36,0,28,6.55,15.55,0,ug/kg,0,ug/kg,1.732,0.032,0.008,0.011,0.3
treat,PFOS,3,RM45,0,0,0,3.49,0,ug/kg,0,ug/kg,1.724,0.037,0.012,0.019,0.3
treat,PFOS,3,RF55,0,0,0,8.8,0,ug/kg,0,ug/kg,1.727,0.039,0.011,0.019,0.3
Control,PFOS,3,RM46,0,28,1.49,0.94,0,ug/kg,0,ug/kg,1.678,0.036,0.009,0.02,0.3
Control,PFOS,3,RF56,0,28,1.92,0,0,ug/kg,0,ug/kg,1.864,0.042,0.011,0.021,0.3
treat,PFOSA,1,RF24,1,1,0,0,0,ug/kg,2.8,ug/kg,1.822,0.034,0.01,0.003,0.3
treat,PFOSA,1,RM14,1,1,0,0,0,ug/kg,2.8,ug/kg,1.838,0.035,0.013,0.006,0.3
treat,PFOSA,2,RF44,1,1,1.24,0,0,ug/kg,0.44,ug/kg,1.95,0.04,0.012,0.017,0.3
treat,PFOSA,2,RM34,1,1,0,0,0,ug/kg,0.44,ug/kg,1.71,0.041,0.011,0.013,0.3
treat,PFOSA,3,RM54,1,1,0,0,0,ug/kg,0.66,ug/kg,1.571,0.04,0.009,0.016,0.3
treat,PFOSA,3,RF64,1,1,0,0,0,ug/kg,0.66,ug/kg,1.749,0.038,0.009,0.018,0.3
treat,PFOSA,1,RM9,7,7,1.37,0.5,0,ug/kg,2.8,ug/kg,1.8,0.029,0.01,0.009,0.3
treat,PFOSA,1,RF20,7,7,0,0,0,ug/kg,2.8,ug/kg,2.01,0.026,0.009,0.007,0.3
treat,PFOSA,2,RM28,7,7,1.24,1.43,1.75,ug/kg,0.44,ug/kg,1.789,0.038,0.011,0.01,0.3
treat,PFOSA,2,RF38,7,7,0,0,0,ug/kg,0.44,ug/kg,1.791,0.04,0.011,0.012,0.3
treat,PFOSA,3,RM52,7,7,0.54,0.75,0,ug/kg,0.66,ug/kg,1.845,0.041,0.013,0.02,0.3
treat,PFOSA,3,RF62,7,7,0.81,1.11,0,ug/kg,0.66,ug/kg,1.777,0.045,0.012,0.021,0.3
treat,PFOSA,1,RM8,14,14,1.58,1.88,0,ug/kg,0,ug/kg,1.638,0.03,0.011,0.006,0.3
treat,PFOSA,1,RF23,14,14,3.15,3.89,0,ug/kg,0,ug/kg,1.751,0.028,0.011,0.009,0.3
treat,PFOSA,2,RM32,14,14,1.48,1.54,0,ug/kg,0.61,ug/kg,1.72,0.035,0.01,0.01,0.3
treat,PFOSA,2,RF43,14,14,3.53,1,0,ug/kg,0.61,ug/kg,1.97,0.028,0.011,0.014,0.3
treat,PFOSA,3,RM47,14,14,1.54,1.31,0,ug/kg,1.49,ug/kg,1.841,0.036,0.011,0.024,0.3
treat,PFOSA,3,RF58,14,14,1.12,1.38,0.06,ug/kg,1.49,ug/kg,1.712,0.035,0.01,0.022,0.3
treat,PFOSA,1,RM13,28,28,7.35,5.01,0,ug/kg,0.95,ug/kg,1.739,0.041,0.012,0.007,0.3
treat,PFOSA,1,RF18,28,28,0.83,9.07,0,ug/kg,0.95,ug/kg,1.924,0.03,0.011,0.003,0.3
treat,PFOSA,2,RM30,28,28,4.41,0,3.55,ug/kg,0.56,ug/kg,1.741,0.041,0.01,0.011,0.3
treat,PFOSA,2,RF40,28,28,3.47,1.61,3.89,ug/kg,0.56,ug/kg,1.78,0.032,0.013,0.019,0.3
treat,PFOSA,3,RM51,28,28,1.42,2.46,0.12,ug/kg,0.73,ug/kg,1.663,0.035,0.012,0.021,0.3
treat,PFOSA,3,RF59,28,28,1.43,1.66,0,ug/kg,0.73,ug/kg,1.619,0.033,0.01,0.02,0.3
treat,PFOSA,1,RM12,29,29,5.02,4.01,0.44,ug/kg,0,ug/kg,1.637,0.041,0.012,0.013,0.3
treat,PFOSA,2,RM33,29,29,3.3,2.26,0,ug/kg,0,ug/kg,1.698,0.036,0.011,0.011,0.3
treat,PFOSA,2,RF41,29,29,4.1,1.98,0,ug/kg,0,ug/kg,1.863,0.045,0.01,0.017,0.3
treat,PFOSA,3,RM49,29,29,0.97,1.43,0.07,ug/kg,0.14,ug/kg,1.513,0.034,0.009,0.017,0.3
treat,PFOSA,3,RF57,29,29,0.81,1.89,0,ug/kg,0.14,ug/kg,1.637,0.041,0.01,0.018,0.3
treat,PFOSA,1,RM10,35,35,3.999961844,2.282081425,0,ug/kg,0,ug/kg,1.809,0.041,0.011,0.011,0.3
treat,PFOSA,1,RF17,35,35,5.399522664,2.61176542,0,ug/kg,0,ug/kg,1.832,0.034,0.01,0.011,0.3
treat,PFOSA,2,RM31,35,35,3.3,2.12,0,ug/kg,0,ug/kg,1.627,0.025,0.011,0.017,0.3
treat,PFOSA,2,RF42,35,35,2.56,0.9,0,ug/kg,0,ug/kg,1.736,0.026,0.01,0.016,0.3
treat,PFOSA,3,RM50,35,35,1.05,1.81,0,ug/kg,0.14,ug/kg,1.572,0.029,0.01,0.017,0.3
treat,PFOSA,3,RF60,35,35,1.31,2.01,0,ug/kg,0.14,ug/kg,1.732,0.033,0.013,0.019,0.3
treat,PFOSA,1,RM7,42,42,3.63,3.56,0,ug/kg,0,ug/kg,1.719,0.037,0.013,0.013,0.3
treat,PFOSA,1,RF19,42,42,5.11,3.9,0,ug/kg,0,ug/kg,1.743,0.028,0.012,0.012,0.3
treat,PFOSA,2,RM27,42,42,2.21,1.7,0,ug/kg,0,ug/kg,1.644,0.036,0.011,0.015,0.3
treat,PFOSA,2,RF37,42,42,3.39,1.46,0,ug/kg,0,ug/kg,1.717,0.032,0.01,0.016,0.3
treat,PFOSA,3,RM53,42,42,1.07,0.76,0,ug/kg,0,ug/kg,1.741,0.036,0.01,0.021,0.3
treat,PFOSA,3,RF63,42,42,1.37,0.95,0.12,ug/kg,0,ug/kg,1.724,0.041,0.01,0.02,0.3
treat,PFOSA,1,RF21,56,56,3.68,3.25,0,ug/kg,0,ug/kg,1.751,0.035,0.013,0.009,0.3
treat,PFOSA,1,RM11,56,56,2.34,1.89,0,ug/kg,0,ug/kg,1.735,0.033,0.008,0.012,0.3
treat,PFOSA,2,RF39,56,56,1.76,1.87,0,ug/kg,0,ug/kg,1.826,0.033,0.01,0.021,0.3
treat,PFOSA,2,RM29,56,56,1.55,1.18,0,ug/kg,0,ug/kg,1.701,0.034,0.011,0.018,0.3
treat,PFOSA,3,RM48,56,56,0.69,0.6,0,ug/kg,0,ug/kg,1.812,0.038,0.011,0.019,0.3
treat,PFOSA,3,RF61,56,56,0.66,1.02,0,ug/kg,0,ug/kg,1.712,0.045,0.012,0.022,0.3
treat,PFOSA,1,RM5,0,0,0,0,0,ug/kg,0,ug/kg,1.783,0.052,0.012,0.013,0.3
treat,PFOSA,1,RF15,0,0,0,0,0,ug/kg,0,ug/kg,2.223,0.058,0.013,0.013,0.3
Control,PFOSA,1,RM6,0,28,0,0,0,ug/kg,0,ug/kg,1.737,0.033,0.011,0.013,0.3
Control,PFOSA,1,RF16,0,28,0,0,0,ug/kg,0,ug/kg,1.758,0.026,0.01,0.013,0.3
treat,PFOSA,2,RM25,0,0,0,0,0,ug/kg,0,ug/kg,1.96,0.036,0.013,0.011,0.3
treat,PFOSA,2,RF35,0,0,0,0,0,ug/kg,0,ug/kg,1.98,0.062,0.011,0.01,0.3
Control,PFOSA,2,RM26,0,28,0,0,0,ug/kg,0,ug/kg,1.792,0.033,0.01,0.011,0.3
Control,PFOSA,2,RF36,0,28,0,0,0,ug/kg,0,ug/kg,1.732,0.032,0.008,0.011,0.3
Control,PFOSA,3,RM45,0,0,0,0,0,ug/kg,0,ug/kg,1.724,0.037,0.012,0.019,0.3
Control,PFOSA,3,RF55,0,0,0,0,0,ug/kg,0,ug/kg,1.727,0.039,0.011,0.019,0.3
Control,PFOSA,3,RM46,0,28,0,0,0,ug/kg,0,ug/kg,1.678,0.036,0.009,0.02,0.3
Control,PFOSA,3,RF56,0,28,0,0,0,ug/kg,0,ug/kg,1.864,0.042,0.011,0.021,0.3
treat,8:2 FTS,1,RF24,1,1,0,0,0,ug/kg,134.5,ug/kg,1.822,0.034,0.01,0.003,0.3
treat,8:2 FTS,1,RM14,1,1,0,0,0,ug/kg,134.5,ug/kg,1.838,0.035,0.013,0.006,0.3
treat,8:2 FTS,2,RF44,1,1,0,0,0,ug/kg,4.68,ug/kg,1.95,0.04,0.012,0.017,0.3
treat,8:2 FTS,2,RM34,1,1,4.2,1.46,0,ug/kg,4.68,ug/kg,1.71,0.041,0.011,0.013,0.3
treat,8:2 FTS,3,RM54,1,1,1.02,0,0,ug/kg,3.53,ug/kg,1.571,0.04,0.009,0.016,0.3
treat,8:2 FTS,3,RF64,1,1,0.64,0,0,ug/kg,3.53,ug/kg,1.749,0.038,0.009,0.018,0.3
treat,8:2 FTS,1,RM9,7,7,83.24,13.46,0,ug/kg,134.5,ug/kg,1.8,0.029,0.01,0.009,0.3
treat,8:2 FTS,1,RF20,7,7,148.98,19.79,0,ug/kg,134.5,ug/kg,2.01,0.026,0.009,0.007,0.3
treat,8:2 FTS,2,RM28,7,7,140.79,24.13,0.38,ug/kg,4.68,ug/kg,1.789,0.038,0.011,0.01,0.3
treat,8:2 FTS,2,RF38,7,7,59.14,4.48,0,ug/kg,4.68,ug/kg,1.791,0.04,0.011,0.012,0.3
treat,8:2 FTS,3,RM52,7,7,31.24,7.89,0,ug/kg,3.53,ug/kg,1.845,0.041,0.013,0.02,0.3
treat,8:2 FTS,3,RF62,7,7,58.76,10.86,0,ug/kg,3.53,ug/kg,1.777,0.045,0.012,0.021,0.3
treat,8:2 FTS,1,RM8,14,14,212.23,43.78,0,ug/kg,25.6,ug/kg,1.638,0.03,0.011,0.006,0.3
treat,8:2 FTS,1,RF23,14,14,171.02,48.61,0,ug/kg,25.6,ug/kg,1.751,0.028,0.011,0.009,0.3
treat,8:2 FTS,2,RM32,14,14,171.32,26.63,0,ug/kg,7.84,ug/kg,1.72,0.035,0.01,0.01,0.3
treat,8:2 FTS,2,RF43,14,14,243.96,21.06,0,ug/kg,7.84,ug/kg,1.97,0.028,0.011,0.014,0.3
treat,8:2 FTS,3,RM47,14,14,102.85,24.54,0.22,ug/kg,4.68,ug/kg,1.841,0.036,0.011,0.024,0.3
treat,8:2 FTS,3,RF58,14,14,42.59,14.68,0.24,ug/kg,4.68,ug/kg,1.712,0.035,0.01,0.022,0.3
treat,8:2 FTS,1,RM13,28,28,470.88,91.44,0,ug/kg,11.4,ug/kg,1.739,0.041,0.012,0.007,0.3
treat,8:2 FTS,1,RF18,28,28,52.83,44.44,0,ug/kg,11.4,ug/kg,1.924,0.03,0.011,0.003,0.3
treat,8:2 FTS,2,RM30,28,28,244.58,67.03,0,ug/kg,26.55,ug/kg,1.741,0.041,0.01,0.011,0.3
treat,8:2 FTS,2,RF40,28,28,140.24,26.35,1.08,ug/kg,26.55,ug/kg,1.78,0.032,0.013,0.019,0.3
treat,8:2 FTS,3,RM51,28,28,128.99,29.24,0.74,ug/kg,4.18,ug/kg,1.663,0.035,0.012,0.021,0.3
treat,8:2 FTS,3,RF59,28,28,86.53,51.19,0.74,ug/kg,4.18,ug/kg,1.619,0.033,0.01,0.02,0.3
treat,8:2 FTS,1,RM12,29,29,405.1,86.63,0.16,ug/kg,114.09,ug/kg,1.637,0.041,0.012,0.013,0.3
treat,8:2 FTS,2,RM33,29,29,205.85,61.25,1.37,ug/kg,0,ug/kg,1.698,0.036,0.011,0.011,0.3
treat,8:2 FTS,2,RF41,29,29,357.12,35.32,0.8,ug/kg,0,ug/kg,1.863,0.045,0.01,0.017,0.3
treat,8:2 FTS,3,RM49,29,29,180.75,30.3,0.64,ug/kg,0,ug/kg,1.513,0.034,0.009,0.017,0.3
treat,8:2 FTS,3,RF57,29,29,207.89,28.35,0.44,ug/kg,0,ug/kg,1.637,0.041,0.01,0.018,0.3
treat,8:2 FTS,1,RM10,35,35,166.2218927,48.97545118,0,ug/kg,114.09,ug/kg,1.809,0.041,0.011,0.011,0.3
treat,8:2 FTS,1,RF17,35,35,214.6653667,60.21292737,0,ug/kg,114.09,ug/kg,1.832,0.034,0.01,0.011,0.3
treat,8:2 FTS,2,RM31,35,35,237.05,55.49,0.79,ug/kg,0,ug/kg,1.627,0.025,0.011,0.017,0.3
treat,8:2 FTS,2,RF42,35,35,210.93,17.92,1.01,ug/kg,0,ug/kg,1.736,0.026,0.01,0.016,0.3
treat,8:2 FTS,3,RM50,35,35,186.37,21.11,0.33,ug/kg,0,ug/kg,1.572,0.029,0.01,0.017,0.3
treat,8:2 FTS,3,RF60,35,35,77.89,21.56,0.4,ug/kg,0,ug/kg,1.732,0.033,0.013,0.019,0.3
treat,8:2 FTS,1,RM7,42,42,207.1,92.99,2.42,ug/kg,0,ug/kg,1.719,0.037,0.013,0.013,0.3
treat,8:2 FTS,1,RF19,42,42,341.94,50.56,2.16,ug/kg,0,ug/kg,1.743,0.028,0.012,0.012,0.3
treat,8:2 FTS,2,RM27,42,42,489.26,59.37,1.91,ug/kg,0,ug/kg,1.644,0.036,0.011,0.015,0.3
treat,8:2 FTS,2,RF37,42,42,302.9,27.29,0.71,ug/kg,0,ug/kg,1.717,0.032,0.01,0.016,0.3
treat,8:2 FTS,3,RM53,42,42,49.66,19.72,0,ug/kg,0,ug/kg,1.741,0.036,0.01,0.021,0.3
treat,8:2 FTS,3,RF63,42,42,53.48,20.73,0.28,ug/kg,0,ug/kg,1.724,0.041,0.01,0.02,0.3
treat,8:2 FTS,1,RF21,56,56,132.72,47.31,1.93,ug/kg,0.31,ug/kg,1.751,0.035,0.013,0.009,0.3
treat,8:2 FTS,1,RM11,56,56,91.01,40.17,1,ug/kg,0.31,ug/kg,1.735,0.033,0.008,0.012,0.3
treat,8:2 FTS,2,RF39,56,56,196.38,17.17,0,ug/kg,0,ug/kg,1.826,0.033,0.01,0.021,0.3
treat,8:2 FTS,2,RM29,56,56,369.26,38.16,0,ug/kg,0,ug/kg,1.701,0.034,0.011,0.018,0.3
treat,8:2 FTS,3,RM48,56,56,33.82,12.76,0,ug/kg,0,ug/kg,1.812,0.038,0.011,0.019,0.3
treat,8:2 FTS,3,RF61,56,56,38.07,11.71,0,ug/kg,0,ug/kg,1.712,0.045,0.012,0.022,0.3
treat,8:2 FTS,1,RM5,0,0,0,0,0,ug/kg,0,ug/kg,1.783,0.052,0.012,0.013,0.3
treat,8:2 FTS,1,RF15,0,0,0,0,0,ug/kg,0,ug/kg,2.223,0.058,0.013,0.013,0.3
Control,8:2 FTS,1,RM6,0,28,4.16,0,0,ug/kg,0,ug/kg,1.737,0.033,0.011,0.013,0.3
Control,8:2 FTS,1,RF16,0,28,3.044777825,0,0,ug/kg,0,ug/kg,1.758,0.026,0.01,0.013,0.3
treat,8:2 FTS,2,RM25,0,0,0,0,0,ug/kg,0,ug/kg,1.96,0.036,0.013,0.011,0.3
treat,8:2 FTS,2,RF35,0,0,0,0,0,ug/kg,0,ug/kg,1.98,0.062,0.011,0.01,0.3
Control,8:2 FTS,2,RM26,0,28,5.46,1.09,0,ug/kg,0,ug/kg,1.792,0.033,0.01,0.011,0.3
Control,8:2 FTS,2,RF36,0,28,5.53,1.1,0,ug/kg,0,ug/kg,1.732,0.032,0.008,0.011,0.3
Control,8:2 FTS,3,RM45,0,0,0,0,0,ug/kg,0,ug/kg,1.724,0.037,0.012,0.019,0.3
Control,8:2 FTS,3,RF55,0,0,0,0,0,ug/kg,0,ug/kg,1.727,0.039,0.011,0.019,0.3
Control,8:2 FTS,3,RM46,0,28,1.5,0,0,ug/kg,0,ug/kg,1.678,0.036,0.009,0.02,0.3
Control,8:2 FTS,3,RF56,0,28,1.17,0,0,ug/kg,0,ug/kg,1.864,0.042,0.011,0.021,0.3
